{
  "project_info": {
    "project_number": "901164808434",
    "firebase_url": "https://assettracker-e180f.firebaseio.com",
    "project_id": "assettracker-e180f",
    "storage_bucket": "assettracker-e180f.appspot.com"
  },
  "client": [
    {
      "client_info": {
        "mobilesdk_app_id": "1:901164808434:android:aef379d891f20a27",
        "android_client_info": {
          "package_name": "com.dishu.device2devicenoti"
        }
      },
      "oauth_client": [
        {
          "client_id": "901164808434-q8819c41l20udge5umer1bufviku6mr8.apps.googleusercontent.com",
          "client_type": 1,
          "android_info": {
            "package_name": "com.dishu.device2devicenoti",
            "certificate_hash": "5df276dfe48df8861b0f25a7fd8dad102e43a3f2"
          }
        },
        {
          "client_id": "901164808434-2e0ou9viepn5fau6uuvja5j5f89kjfqr.apps.googleusercontent.com",
          "client_type": 3
        }
      ],
      "api_key": [
        {
          "current_key": "AIzaSyDQl4u--cdZCzPWcIiefOlT0faGK1FFpEU"
        }
      ],
      "services": {
        "analytics_service": {
          "status": 1
        },
        "appinvite_service": {
          "status": 2,
          "other_platform_oauth_client": [
            {
              "client_id": "901164808434-2e0ou9viepn5fau6uuvja5j5f89kjfqr.apps.googleusercontent.com",
              "client_type": 3
            }
          ]
        },
        "ads_service": {
          "status": 2
        }
      }
    },
    {
      "client_info": {
        "mobilesdk_app_id": "1:901164808434:android:325710789f536cbb",
        "android_client_info": {
          "package_name": "com.dishu.assettracker"
        }
      },
      "oauth_client": [
        {
          "client_id": "901164808434-726io4i0hfe2v9m6oud50lev3m4k1ad9.apps.googleusercontent.com",
          "client_type": 1,
          "android_info": {
            "package_name": "com.dishu.assettracker",
            "certificate_hash": "5df276dfe48df8861b0f25a7fd8dad102e43a3f2"
          }
        },
        {
          "client_id": "901164808434-2e0ou9viepn5fau6uuvja5j5f89kjfqr.apps.googleusercontent.com",
          "client_type": 3
        }
      ],
      "api_key": [
        {
          "current_key": "AIzaSyDQl4u--cdZCzPWcIiefOlT0faGK1FFpEU"
        }
      ],
      "services": {
        "analytics_service": {
          "status": 1
        },
        "appinvite_service": {
          "status": 2,
          "other_platform_oauth_client": [
            {
              "client_id": "901164808434-2e0ou9viepn5fau6uuvja5j5f89kjfqr.apps.googleusercontent.com",
              "client_type": 3
            }
          ]
        },
        "ads_service": {
          "status": 2
        }
      }
    },
    {
      "client_info": {
        "mobilesdk_app_id": "1:901164808434:android:2e4a1fb8c47ac510",
        "android_client_info": {
          "package_name": "com.riteshbhavsar.bhavsarreshimgathi"
        }
      },
      "oauth_client": [
        {
          "client_id": "901164808434-ag4naanvb78r0n19s7pg0v32lp9ug7tm.apps.googleusercontent.com",
          "client_type": 1,
          "android_info": {
            "package_name": "com.riteshbhavsar.bhavsarreshimgathi",
            "certificate_hash": "5df276dfe48df8861b0f25a7fd8dad102e43a3f2"
          }
        },
        {
          "client_id": "901164808434-2e0ou9viepn5fau6uuvja5j5f89kjfqr.apps.googleusercontent.com",
          "client_type": 3
        }
      ],
      "api_key": [
        {
          "current_key": "AIzaSyDQl4u--cdZCzPWcIiefOlT0faGK1FFpEU"
        }
      ],
      "services": {
        "analytics_service": {
          "status": 1
        },
        "appinvite_service": {
          "status": 2,
          "other_platform_oauth_client": [
            {
              "client_id": "901164808434-2e0ou9viepn5fau6uuvja5j5f89kjfqr.apps.googleusercontent.com",
              "client_type": 3
            }
          ]
        },
        "ads_service": {
          "status": 2
        }
      }
    }
  ],
  "configuration_version": "1"
}